Workbook

Sheet Petunjuk
A1: Template Data Generus
A2: Untuk import awal ke Sistem Pemantauan Ketertiban Generus
A4: LANGKAH PENGISIAN
A5: 1. Sheet Wilayah | B5: Isi semua desa dan kelompok di daerah ini, satu baris per kelompok. Kolom 'Kode Kelompok' terisi otomatis.
A6: 2. Sheet Generus | B6: Isi satu baris per generus. Pilih Kelompok, Jenis Kelamin, Jenjang, dan Kategori dari daftar pilihan (dropdown).
A7: 3. Cek Data | B7: Kolom 'Cek Data' (paling kanan) harus bertuliskan OK untuk semua baris sebelum file dikirim.
A8: 4. Baris contoh | B8: Baris ke-2 di sheet Wilayah dan Generus (huruf abu-abu miring) hanya contoh. Timpa atau hapus sebelum dikirim.
A10: ARTI WARNA
A11: Judul biru tua | B11: Kolom wajib diisi (ditandai *).
A12: Judul biru muda | B12: Kolom opsional.
A13: Judul abu-abu | B13: Terisi otomatis, jangan diubah.
A14: Sel kuning muda | B14: Area yang Anda isi.
A16: ATURAN DATA
A17: Jenjang | B17: Pra Remaja = generus yang masih sekolah SLTP. Remaja = setelah SLTP sampai menikah.
A18: Kategori | B18: Wajib untuk Remaja: Pelajar (masih sekolah/kuliah) atau Mandiri (sudah tidak sekolah). Kosongkan untuk Pra Remaja.
A19: Siapa yang dimasukkan | B19: Hanya generus aktif (belum menikah). Generus pindahan dari daerah lain didaftarkan seperti biasa.
A20: Tanggal Lahir | B20: Format hari/bulan/tahun, contoh 14/03/2011.
A21: No. HP Orang Tua/Wali | B21: Opsional. Tulis dengan awalan 08…, contoh 081234567890.
A22: Privasi | B22: Jangan isi NIK, alamat lengkap, atau foto. Data ini hanya dipakai untuk presensi dan pemantauan materi.
A24: RINGKASAN (otomatis)
A25: Jumlah desa | B25: =SUMPRODUCT((Wilayah!$A$3:$A$302<>"")/COUNTIF(Wilayah!$A$3:$A$302,Wilayah!$A$3:$A$302&""))
A26: Jumlah kelompok | B26: =COUNTA(Wilayah!$B$3:$B$302)
A27: Jumlah generus | B27: =COUNTA(Generus!$B$3:$B$2002)
A28: Pra Remaja | B28: =COUNTIF(Generus!$F$3:$F$2002,"Pra Remaja")
A29: Remaja Pelajar | B29: =COUNTIFS(Generus!$F$3:$F$2002,"Remaja",Generus!$G$3:$G$2002,"Pelajar")
A30: Remaja Mandiri | B30: =COUNTIFS(Generus!$F$3:$F$2002,"Remaja",Generus!$G$3:$G$2002,"Mandiri")
A31: Baris belum OK | B31: =COUNTIFS(Generus!$L$3:$L$2002,"<>OK",Generus!$B$3:$B$2002,"<>")
A32: Ringkasan tidak menghitung baris contoh (baris ke-2).

Sheet Wilayah
A1: Nama Desa * | B1: Nama Kelompok * | C1: Kode Kelompok | D1: Cek Data
A2: Sukamaju | B2: Sukamaju 1 | C2: =IF(OR(A2="",B2=""),"",TRIM(A2)&" / "&TRIM(B2)) | D2: =IF(AND(A2="",B2=""),"",IF(OR(A2="",B2=""),"Desa dan kelompok wajib diisi",IF(COUNTIF($C$3:$C$302,C2)>1,"Kelompok ganda","OK")))
C3: =IF(OR(A3="",B3=""),"",TRIM(A3)&" / "&TRIM(B3)) | D3: =IF(AND(A3="",B3=""),"",IF(OR(A3="",B3=""),"Desa dan kelompok wajib diisi",IF(COUNTIF($C$3:$C$302,C3)>1,"Kelompok ganda","OK")))
C4: =IF(OR(A4="",B4=""),"",TRIM(A4)&" / "&TRIM(B4)) | D4: =IF(AND(A4="",B4=""),"",IF(OR(A4="",B4=""),"Desa dan kelompok wajib diisi",IF(COUNTIF($C$3:$C$302,C4)>1,"Kelompok ganda","OK")))
C5: =IF(OR(A5="",B5=""),"",TRIM(A5)&" / "&TRIM(B5)) | D5: =IF(AND(A5="",B5=""),"",IF(OR(A5="",B5=""),"Desa dan kelompok wajib diisi",IF(COUNTIF($C$3:$C$302,C5)>1,"Kelompok ganda","OK")))
C6: =IF(OR(A6="",B6=""),"",TRIM(A6)&" / "&TRIM(B6)) | D6: =IF(AND(A6="",B6=""),"",IF(OR(A6="",B6=""),"Desa dan kelompok wajib diisi",IF(COUNTIF($C$3:$C$302,C6)>1,"Kelompok ganda","OK")))
C7: =IF(OR(A7="",B7=""),"",TRIM(A7)&" / "&TRIM(B7)) | D7: =IF(AND(A7="",B7=""),"",IF(OR(A7="",B7=""),"Desa dan kelompok wajib diisi",IF(COUNTIF($C$3:$C$302,C7)>1,"Kelompok ganda","OK")))
C8: =IF(OR(A8="",B8=""),"",TRIM(A8)&" / "&TRIM(B8)) | D8: =IF(AND(A8="",B8=""),"",IF(OR(A8="",B8=""),"Desa dan kelompok wajib diisi",IF(COUNTIF($C$3:$C$302,C8)>1,"Kelompok ganda","OK")))
C9: =IF(OR(A9="",B9=""),"",TRIM(A9)&" / "&TRIM(B9)) | D9: =IF(AND(A9="",B9=""),"",IF(OR(A9="",B9=""),"Desa dan kelompok wajib diisi",IF(COUNTIF($C$3:$C$302,C9)>1,"Kelompok ganda","OK")))
C10: =IF(OR(A10="",B10=""),"",TRIM(A10)&" / "&TRIM(B10)) | D10: =IF(AND(A10="",B10=""),"",IF(OR(A10="",B10=""),"Desa dan kelompok wajib diisi",IF(COUNTIF($C$3:$C$302,C10)>1,"Kelompok ganda","OK")))
C11: =IF(OR(A11="",B11=""),"",TRIM(A11)&" / "&TRIM(B11)) | D11: =IF(AND(A11="",B11=""),"",IF(OR(A11="",B11=""),"Desa dan kelompok wajib diisi",IF(COUNTIF($C$3:$C$302,C11)>1,"Kelompok ganda","OK")))
C12: =IF(OR(A12="",B12=""),"",TRIM(A12)&" / "&TRIM(B12)) | D12: =IF(AND(A12="",B12=""),"",IF(OR(A12="",B12=""),"Desa dan kelompok wajib diisi",IF(COUNTIF($C$3:$C$302,C12)>1,"Kelompok ganda","OK")))
C13: =IF(OR(A13="",B13=""),"",TRIM(A13)&" / "&TRIM(B13)) | D13: =IF(AND(A13="",B13=""),"",IF(OR(A13="",B13=""),"Desa dan kelompok wajib diisi",IF(COUNTIF($C$3:$C$302,C13)>1,"Kelompok ganda","OK")))
C14: =IF(OR(A14="",B14=""),"",TRIM(A14)&" / "&TRIM(B14)) | D14: =IF(AND(A14="",B14=""),"",IF(OR(A14="",B14=""),"Desa dan kelompok wajib diisi",IF(COUNTIF($C$3:$C$302,C14)>1,"Kelompok ganda","OK")))
... C302: =IF(OR(A302="",B302=""),"",TRIM(A302)&" / "&TRIM(B302)) | D302: =IF(AND(A302="",B302=""),"",IF(OR(A302="",B302=""),"Desa dan kelompok wajib diisi",IF(COUNTIF($C$3:$C$302,C302)>1,"Kelompok ganda","OK")))

Sheet Generus
A1: No | B1: Nama Lengkap * | C1: Jenis Kelamin * | D1: Tanggal Lahir * | E1: Kelompok * | F1: Jenjang * | G1: Kategori | H1: Sekolah / Kelas | I1: Nama Orang Tua/Wali | J1: No. HP Orang Tua/Wali | K1: Catatan | L1: Cek Data
A2: Contoh | B2: Contoh: Ahmad Fauzan | C2: L | D2: 40616 | E2: Sukamaju / Sukamaju 1 | F2: Pra Remaja | H2: SMPN 2 kelas 8 | I2: Bapak Hasan | J2: 081234567890 | L2: =IF(B2="","",IF(OR(C2="",D2="",E2="",F2=""),"Kolom wajib (*) belum lengkap",IF(COUNTIF(Wilayah!$C$2:$C$302,E2)=0,"Kelompok tidak ada di sheet Wilayah",IF(AND(F2="Remaja",G2=""),"Kategori wajib untuk Remaja",IF(AND(F2="Pra Remaja",G2<>""),"Pra Remaja tidak memakai kategori",IF(ISNUMBER(D2),"OK","Tanggal lahir tidak valid"))))))
A3: =IF(B3="","",ROW()-2) | L3: =IF(B3="","",IF(OR(C3="",D3="",E3="",F3=""),"Kolom wajib (*) belum lengkap",IF(COUNTIF(Wilayah!$C$2:$C$302,E3)=0,"Kelompok tidak ada di sheet Wilayah",IF(AND(F3="Remaja",G3=""),"Kategori wajib untuk Remaja",IF(AND(F3="Pra Remaja",G3<>""),"Pra Remaja tidak memakai kategori",IF(ISNUMBER(D3),"OK","Tanggal lahir tidak valid"))))))
A4: =IF(B4="","",ROW()-2) | L4: =IF(B4="","",IF(OR(C4="",D4="",E4="",F4=""),"Kolom wajib (*) belum lengkap",IF(COUNTIF(Wilayah!$C$2:$C$302,E4)=0,"Kelompok tidak ada di sheet Wilayah",IF(AND(F4="Remaja",G4=""),"Kategori wajib untuk Remaja",IF(AND(F4="Pra Remaja",G4<>""),"Pra Remaja tidak memakai kategori",IF(ISNUMBER(D4),"OK","Tanggal lahir tidak valid"))))))
A5: =IF(B5="","",ROW()-2) | L5: =IF(B5="","",IF(OR(C5="",D5="",E5="",F5=""),"Kolom wajib (*) belum lengkap",IF(COUNTIF(Wilayah!$C$2:$C$302,E5)=0,"Kelompok tidak ada di sheet Wilayah",IF(AND(F5="Remaja",G5=""),"Kategori wajib untuk Remaja",IF(AND(F5="Pra Remaja",G5<>""),"Pra Remaja tidak memakai kategori",IF(ISNUMBER(D5),"OK","Tanggal lahir tidak valid"))))))
A6: =IF(B6="","",ROW()-2) | L6: =IF(B6="","",IF(OR(C6="",D6="",E6="",F6=""),"Kolom wajib (*) belum lengkap",IF(COUNTIF(Wilayah!$C$2:$C$302,E6)=0,"Kelompok tidak ada di sheet Wilayah",IF(AND(F6="Remaja",G6=""),"Kategori wajib untuk Remaja",IF(AND(F6="Pra Remaja",G6<>""),"Pra Remaja tidak memakai kategori",IF(ISNUMBER(D6),"OK","Tanggal lahir tidak valid"))))))
A7: =IF(B7="","",ROW()-2) | L7: =IF(B7="","",IF(OR(C7="",D7="",E7="",F7=""),"Kolom wajib (*) belum lengkap",IF(COUNTIF(Wilayah!$C$2:$C$302,E7)=0,"Kelompok tidak ada di sheet Wilayah",IF(AND(F7="Remaja",G7=""),"Kategori wajib untuk Remaja",IF(AND(F7="Pra Remaja",G7<>""),"Pra Remaja tidak memakai kategori",IF(ISNUMBER(D7),"OK","Tanggal lahir tidak valid"))))))
A8: =IF(B8="","",ROW()-2) | L8: =IF(B8="","",IF(OR(C8="",D8="",E8="",F8=""),"Kolom wajib (*) belum lengkap",IF(COUNTIF(Wilayah!$C$2:$C$302,E8)=0,"Kelompok tidak ada di sheet Wilayah",IF(AND(F8="Remaja",G8=""),"Kategori wajib untuk Remaja",IF(AND(F8="Pra Remaja",G8<>""),"Pra Remaja tidak memakai kategori",IF(ISNUMBER(D8),"OK","Tanggal lahir tidak valid"))))))
A9: =IF(B9="","",ROW()-2) | L9: =IF(B9="","",IF(OR(C9="",D9="",E9="",F9=""),"Kolom wajib (*) belum lengkap",IF(COUNTIF(Wilayah!$C$2:$C$302,E9)=0,"Kelompok tidak ada di sheet Wilayah",IF(AND(F9="Remaja",G9=""),"Kategori wajib untuk Remaja",IF(AND(F9="Pra Remaja",G9<>""),"Pra Remaja tidak memakai kategori",IF(ISNUMBER(D9),"OK","Tanggal lahir tidak valid"))))))
A10: =IF(B10="","",ROW()-2) | L10: =IF(B10="","",IF(OR(C10="",D10="",E10="",F10=""),"Kolom wajib (*) belum lengkap",IF(COUNTIF(Wilayah!$C$2:$C$302,E10)=0,"Kelompok tidak ada di sheet Wilayah",IF(AND(F10="Remaja",G10=""),"Kategori wajib untuk Remaja",IF(AND(F10="Pra Remaja",G10<>""),"Pra Remaja tidak memakai kategori",IF(ISNUMBER(D10),"OK","Tanggal lahir tidak valid"))))))
A11: =IF(B11="","",ROW()-2) | L11: =IF(B11="","",IF(OR(C11="",D11="",E11="",F11=""),"Kolom wajib (*) belum lengkap",IF(COUNTIF(Wilayah!$C$2:$C$302,E11)=0,"Kelompok tidak ada di sheet Wilayah",IF(AND(F11="Remaja",G11=""),"Kategori wajib untuk Remaja",IF(AND(F11="Pra Remaja",G11<>""),"Pra Remaja tidak memakai kategori",IF(ISNUMBER(D11),"OK","Tanggal lahir tidak valid"))))))
A12: =IF(B12="","",ROW()-2) | L12: =IF(B12="","",IF(OR(C12="",D12="",E12="",F12=""),"Kolom wajib (*) belum lengkap",IF(COUNTIF(Wilayah!$C$2:$C$302,E12)=0,"Kelompok tidak ada di sheet Wilayah",IF(AND(F12="Remaja",G12=""),"Kategori wajib untuk Remaja",IF(AND(F12="Pra Remaja",G12<>""),"Pra Remaja tidak memakai kategori",IF(ISNUMBER(D12),"OK","Tanggal lahir tidak valid"))))))
A13: =IF(B13="","",ROW()-2) | L13: =IF(B13="","",IF(OR(C13="",D13="",E13="",F13=""),"Kolom wajib (*) belum lengkap",IF(COUNTIF(Wilayah!$C$2:$C$302,E13)=0,"Kelompok tidak ada di sheet Wilayah",IF(AND(F13="Remaja",G13=""),"Kategori wajib untuk Remaja",IF(AND(F13="Pra Remaja",G13<>""),"Pra Remaja tidak memakai kategori",IF(ISNUMBER(D13),"OK","Tanggal lahir tidak valid"))))))
A14: =IF(B14="","",ROW()-2) | L14: =IF(B14="","",IF(OR(C14="",D14="",E14="",F14=""),"Kolom wajib (*) belum lengkap",IF(COUNTIF(Wilayah!$C$2:$C$302,E14)=0,"Kelompok tidak ada di sheet Wilayah",IF(AND(F14="Remaja",G14=""),"Kategori wajib untuk Remaja",IF(AND(F14="Pra Remaja",G14<>""),"Pra Remaja tidak memakai kategori",IF(ISNUMBER(D14),"OK","Tanggal lahir tidak valid"))))))
... A2002: =IF(B2002="","",ROW()-2) | L2002: =IF(B2002="","",IF(OR(C2002="",D2002="",E2002="",F2002=""),"Kolom wajib (*) belum lengkap",IF(COUNTIF(Wilayah!$C$2:$C$302,E2002)=0,"Kelompok tidak ada di sheet Wilayah",IF(AND(F2002="Remaja",G2002=""),"Kategori wajib untuk Remaja",IF(AND(F2002="Pra Remaja",G2002<>""),"Pra Remaja tidak memakai kategori",IF(ISNUMBER(D2002),"OK","Tanggal lahir tidak valid"))))))

Sheet Daftar
A1: Jenis Kelamin | B1: Jenjang | C1: Kategori Remaja
A2: L | B2: Pra Remaja | C2: Pelajar
A3: P | B3: Remaja | C3: Mandiri
